case,implementation,samples,median_ns,min_ns,p90_ns,cv
create_read_destroy,own_allocated_40,15,10.0401,9.47262,16.9498,0.271921
move_chain,own_allocated_40,15,1.79929,1.76919,2.14012,0.108273
vector_transfer_4096,own_allocated_40,15,2.59321,2.47005,3.24261,0.104714
owner_scan_4096,own_allocated_40,15,0.486449,0.459498,0.577878,0.074531
create_read_destroy,proto_header_16,15,10.3716,9.84529,16.6142,0.228998
move_chain,proto_header_16,15,1.92401,1.87263,2.01888,0.0200945
vector_transfer_4096,proto_header_16,15,1.48244,1.45564,1.83243,0.098619
owner_scan_4096,proto_header_16,15,0.436022,0.424112,0.694125,0.20172
create_read_destroy,std_erased_40,15,9.95256,9.73225,16.1783,0.205997
move_chain,std_erased_40,15,1.79071,1.72509,2.11805,0.0801388
vector_transfer_4096,std_erased_40,15,3.11697,3.0379,4.1441,0.119925
owner_scan_4096,std_erased_40,15,0.475851,0.462068,0.576028,0.085236
create_read_destroy,std_erased_40_b,15,10.0315,9.58877,16.5304,0.239484
move_chain,std_erased_40_b,15,1.74962,1.71078,2.13056,0.14856
vector_transfer_4096,std_erased_40_b,15,3.09581,3.03463,3.17072,0.0913394
owner_scan_4096,std_erased_40_b,15,0.475635,0.467693,0.611785,0.11354
create_read_destroy,std_default_8,15,9.58367,9.38749,15.3627,0.198568
move_chain,std_default_8,15,0.805895,0.753914,1.4585,0.267046
vector_transfer_4096,std_default_8,15,2.24822,2.08313,3.43776,0.183522
owner_scan_4096,std_default_8,15,0.382735,0.36573,0.50797,0.113912
