round,order,case,implementation,unit,operations,elapsed_ns,ns_per_operation,checksum
0,0,async_queue_job_1_local_copies,std_shared,job,32,49503,1546.96875,640
0,1,copy_read_drop,own_shared,copy,1000,24426,24.426,23500
0,2,create_read_destroy,std_shared,asset,1000,266695,266.695,6504000
0,3,async_queue_job_1_borrow_reads,own_shared_then_local_view,job,32,123132,3847.875,640
0,4,resettable_root_pin_1024_borrow_reads,std_shared_pin_raw_borrow,scope,32,115310,3603.4375,770048
0,5,localize_read_drop,own_local,group,1000,294566,294.566,23500
0,6,group_setup_then_64_copies,std_shared,group,32,26810,837.8125,48128
0,7,async_queue_job_1_local_copies,own_local,job,32,101520,3172.5,640
0,8,resource_lifecycle_64_assets_4096_objects,std_shared,cycle,1,180577,180577,1720320
0,9,contended_copy_2_workers,own_shared,copy,2000,151094,75.547,47000
0,10,owner_retained_borrow_copy_read,own_local_view,read,1000,4076,4.076,23500
0,11,create_read_destroy,own_local,asset,1000,621930,621.93,6504000
0,12,group_setup_then_8_copies,own_local,group,125,75792,606.336,23500
0,13,owner_retained_borrow_parameter,std_raw_borrow,call,1000,21472,21.472,23500
0,14,owner_retained_4096_parameter_borrows,own_local_view,frame,4,370308,92577,6881280
0,15,scene_4096_attachments,own_local,attachment,4096,133347,32.5554199219,4096
0,16,resettable_root_pin_1024_borrow_reads,own_shared_pin_local_view,scope,32,116412,3637.875,770048
0,17,async_queue_job_64_borrow_reads,std_shared_then_raw_borrow,job,32,133647,4176.46875,48128
0,18,owner_retained_borrow_copy_read,std_raw_borrow,read,1000,3696,3.696,23500
0,19,copy_read_drop,std_shared,copy,1000,12870,12.87,23500
0,20,group_setup_then_8_copies,std_shared,group,125,22914,183.312,23500
0,21,owner_retained_4096_parameter_borrows,std_raw_borrow,frame,4,352171,88042.75,6881280
0,22,async_queue_job_64_local_copies,std_shared,job,32,146296,4571.75,48128
0,23,independent_owner_parameter,std_shared,call,1000,13500,13.5,23500
0,24,async_queue_job_1_borrow_reads,std_shared_then_raw_borrow,job,32,35883,1121.34375,640
0,25,group_setup_then_1024_copies,own_local,group,32,1765661,55176.90625,770048
0,26,frame_4096_draws_64_unique_leases,own_shared,frame,4,284150,71037.5,6881280
0,27,share_read_drop,std_shared,handoff,1000,14131,14.131,23500
0,28,weak_lock_live,own_shared,lock,1000,26609,26.609,23500
0,29,borrow_read,raw_borrow,read,1000,3165,3.165,23500
0,30,async_queue_job_1024_borrow_reads,std_shared_then_raw_borrow,job,32,289538,9048.0625,770048
0,31,contended_copy_2_workers,std_shared,copy,2000,83864,41.932,47000
0,32,localize_read_drop,std_shared,group,1000,14632,14.632,23500
0,33,scene_4096_attachments,std_shared,attachment,4096,83013,20.2668457031,4096
0,34,async_queue_job_1024_borrow_reads,own_shared_then_local_view,job,32,293554,9173.5625,770048
0,35,group_setup_then_1024_copies,std_shared,group,32,886941,27716.90625,770048
0,36,owner_retained_borrow_parameter,own_local_view,call,1000,19969,19.969,23500
0,37,copy_read_drop,own_local,copy,1000,43825,43.825,23500
0,38,group_setup_then_64_copies,own_local,group,32,145926,4560.1875,48128
0,39,async_queue_job_64_borrow_reads,own_shared_then_local_view,job,32,91976,2874.25,48128
0,40,owner_retained_4096_draw_borrows,own_local_view,frame,4,110334,27583.5,6881280
0,41,owner_retained_4096_draw_borrows,std_raw_borrow,frame,4,181008,45252,6881280
0,42,weak_lock_live,std_shared,lock,1000,18678,18.678,23500
0,43,independent_owner_parameter,own_shared,call,1000,10265,10.265,23500
0,44,group_setup_then_1_copies,std_shared,group,1000,40309,40.309,20000
0,45,resource_lifecycle_64_assets_4096_objects,own_local,cycle,1,355686,355686,1720320
0,46,create_read_destroy,own_shared,asset,1000,463235,463.235,6504000
0,47,async_queue_job_64_local_copies,own_local,job,32,507580,15861.875,48128
0,48,async_queue_job_1024_local_copies,own_local,job,32,1879430,58732.1875,770048
0,49,weak_lock_expired,own_shared,lock,1000,21471,21.471,0
0,50,share_read_drop,own_shared,handoff,1000,30105,30.105,23500
0,51,independent_owner_parameter,own_local,call,1000,62042,62.042,23500
0,52,async_queue_job_1024_local_copies,std_shared,job,32,647778,20243.0625,770048
0,53,group_setup_then_1_copies,own_local,group,1000,356287,356.287,20000
0,54,weak_lock_expired,std_shared,lock,1000,37776,37.776,0
0,55,frame_4096_draws_64_unique_leases,std_shared,frame,4,182250,45562.5,6881280
1,0,share_read_drop,own_shared,handoff,1000,30055,30.055,23500
1,1,owner_retained_4096_draw_borrows,std_raw_borrow,frame,4,108130,27032.5,6881280
1,2,localize_read_drop,std_shared,group,1000,14030,14.03,23500
1,3,group_setup_then_1024_copies,own_local,group,32,1443565,45111.40625,770048
1,4,borrow_read,raw_borrow,read,1000,2935,2.935,23500
1,5,async_queue_job_1024_borrow_reads,own_shared_then_local_view,job,32,294806,9212.6875,770048
1,6,async_queue_job_64_borrow_reads,own_shared_then_local_view,job,32,72878,2277.4375,48128
1,7,share_read_drop,std_shared,handoff,1000,14171,14.171,23500
1,8,group_setup_then_8_copies,std_shared,group,125,22813,182.504,23500
1,9,async_queue_job_1_borrow_reads,std_shared_then_raw_borrow,job,32,52648,1645.25,640
1,10,weak_lock_live,std_shared,lock,1000,18277,18.277,23500
1,11,weak_lock_live,own_shared,lock,1000,26489,26.489,23500
1,12,async_queue_job_1024_local_copies,own_local,job,32,1824197,57006.15625,770048
1,13,async_queue_job_64_borrow_reads,std_shared_then_raw_borrow,job,32,65487,2046.46875,48128
1,14,async_queue_job_1024_local_copies,std_shared,job,32,784981,24530.65625,770048
1,15,owner_retained_borrow_copy_read,std_raw_borrow,read,1000,3835,3.835,23500
1,16,group_setup_then_1_copies,std_shared,group,1000,40189,40.189,20000
1,17,independent_owner_parameter,own_local,call,1000,62543,62.543,23500
1,18,group_setup_then_8_copies,own_local,group,125,76043,608.344,23500
1,19,resettable_root_pin_1024_borrow_reads,own_shared_pin_local_view,scope,32,115511,3609.71875,770048
1,20,owner_retained_borrow_parameter,own_local_view,call,1000,19799,19.799,23500
1,21,async_queue_job_64_local_copies,own_local,job,32,254666,7958.3125,48128
1,22,create_read_destroy,own_local,asset,1000,680387,680.387,6504000
1,23,resource_lifecycle_64_assets_4096_objects,std_shared,cycle,1,228618,228618,1720320
1,24,copy_read_drop,std_shared,copy,1000,12659,12.659,23500
1,25,weak_lock_expired,std_shared,lock,1000,9875,9.875,0
1,26,async_queue_job_64_local_copies,std_shared,job,32,104875,3277.34375,48128
1,27,scene_4096_attachments,own_local,attachment,4096,133327,32.5505371094,4096
1,28,frame_4096_draws_64_unique_leases,own_shared,frame,4,325131,81282.75,6881280
1,29,create_read_destroy,std_shared,asset,1000,256960,256.96,6504000
1,30,scene_4096_attachments,std_shared,attachment,4096,81150,19.8120117188,4096
1,31,independent_owner_parameter,own_shared,call,1000,9964,9.964,23500
1,32,contended_copy_2_workers,own_shared,copy,2000,181919,90.9595,47000
1,33,group_setup_then_1024_copies,std_shared,group,32,563043,17595.09375,770048
1,34,frame_4096_draws_64_unique_leases,std_shared,frame,4,159586,39896.5,6881280
1,35,contended_copy_2_workers,std_shared,copy,2000,82672,41.336,47000
1,36,async_queue_job_1_local_copies,std_shared,job,32,44436,1388.625,640
1,37,owner_retained_4096_parameter_borrows,own_local_view,frame,4,348315,87078.75,6881280
1,38,async_queue_job_1_local_copies,own_local,job,32,120278,3758.6875,640
1,39,copy_read_drop,own_shared,copy,1000,34441,34.441,23500
1,40,owner_retained_borrow_copy_read,own_local_view,read,1000,3936,3.936,23500
1,41,weak_lock_expired,own_shared,lock,1000,21281,21.281,0
1,42,independent_owner_parameter,std_shared,call,1000,13671,13.671,23500
1,43,group_setup_then_1_copies,own_local,group,1000,274867,274.867,20000
1,44,owner_retained_4096_draw_borrows,own_local_view,frame,4,108560,27140,6881280
1,45,owner_retained_borrow_parameter,std_raw_borrow,call,1000,20290,20.29,23500
1,46,create_read_destroy,own_shared,asset,1000,263469,263.469,6504000
1,47,async_queue_job_1024_borrow_reads,std_shared_then_raw_borrow,job,32,224472,7014.75,770048
1,48,localize_read_drop,own_local,group,1000,218933,218.933,23500
1,49,owner_retained_4096_parameter_borrows,std_raw_borrow,frame,4,422075,105518.75,6881280
1,50,group_setup_then_64_copies,std_shared,group,32,26560,830,48128
1,51,async_queue_job_1_borrow_reads,own_shared_then_local_view,job,32,299343,9354.46875,640
1,52,copy_read_drop,own_local,copy,1000,82111,82.111,23500
1,53,group_setup_then_64_copies,own_local,group,32,103884,3246.375,48128
1,54,resettable_root_pin_1024_borrow_reads,std_shared_pin_raw_borrow,scope,32,113408,3544,770048
1,55,resource_lifecycle_64_assets_4096_objects,own_local,cycle,1,353613,353613,1720320
2,0,group_setup_then_1024_copies,own_local,group,32,3139994,98124.8125,770048
2,1,create_read_destroy,own_shared,asset,1000,374063,374.063,6504000
2,2,async_queue_job_1024_borrow_reads,std_shared_then_raw_borrow,job,32,359281,11227.53125,770048
2,3,group_setup_then_1_copies,own_local,group,1000,277981,277.981,20000
2,4,owner_retained_4096_parameter_borrows,own_local_view,frame,4,456575,114143.75,6881280
2,5,owner_retained_4096_draw_borrows,std_raw_borrow,frame,4,110734,27683.5,6881280
2,6,weak_lock_live,std_shared,lock,1000,18968,18.968,23500
2,7,owner_retained_borrow_copy_read,own_local_view,read,1000,3946,3.946,23500
2,8,async_queue_job_64_borrow_reads,std_shared_then_raw_borrow,job,32,181688,5677.75,48128
2,9,async_queue_job_1_local_copies,std_shared,job,32,87780,2743.125,640
2,10,group_setup_then_64_copies,std_shared,group,32,27060,845.625,48128
2,11,resource_lifecycle_64_assets_4096_objects,std_shared,cycle,1,206535,206535,1720320
2,12,scene_4096_attachments,std_shared,attachment,4096,82192,20.06640625,4096
2,13,group_setup_then_64_copies,own_local,group,32,96813,3025.40625,48128
2,14,frame_4096_draws_64_unique_leases,own_shared,frame,4,327374,81843.5,6881280
2,15,async_queue_job_1024_borrow_reads,own_shared_then_local_view,job,32,288316,9009.875,770048
2,16,async_queue_job_1_borrow_reads,std_shared_then_raw_borrow,job,32,72517,2266.15625,640
2,17,independent_owner_parameter,std_shared,call,1000,13700,13.7,23500
2,18,group_setup_then_1024_copies,std_shared,group,32,449364,14042.625,770048
2,19,weak_lock_expired,std_shared,lock,1000,10475,10.475,0
2,20,localize_read_drop,std_shared,group,1000,14521,14.521,23500
2,21,owner_retained_4096_draw_borrows,own_local_view,frame,4,109191,27297.75,6881280
2,22,async_queue_job_1_local_copies,own_local,job,32,176361,5511.28125,640
2,23,independent_owner_parameter,own_local,call,1000,62923,62.923,23500
2,24,weak_lock_live,own_shared,lock,1000,26849,26.849,23500
2,25,scene_4096_attachments,own_local,attachment,4096,132256,32.2890625,4096
2,26,copy_read_drop,own_shared,copy,1000,40310,40.31,23500
2,27,async_queue_job_1024_local_copies,std_shared,job,32,704713,22022.28125,770048
2,28,group_setup_then_1_copies,std_shared,group,1000,40390,40.39,20000
2,29,share_read_drop,own_shared,handoff,1000,30646,30.646,23500
2,30,copy_read_drop,own_local,copy,1000,42943,42.943,23500
2,31,weak_lock_expired,own_shared,lock,1000,21312,21.312,0
2,32,contended_copy_2_workers,own_shared,copy,2000,378585,189.2925,47000
2,33,copy_read_drop,std_shared,copy,1000,192665,192.665,23500
2,34,create_read_destroy,own_local,asset,1000,741797,741.797,6504000
2,35,group_setup_then_8_copies,own_local,group,125,75081,600.648,23500
2,36,independent_owner_parameter,own_shared,call,1000,10085,10.085,23500
2,37,async_queue_job_64_local_copies,own_local,job,32,366032,11438.5,48128
2,38,contended_copy_2_workers,std_shared,copy,2000,88451,44.2255,47000
2,39,owner_retained_borrow_parameter,own_local_view,call,1000,20340,20.34,23500
2,40,async_queue_job_1_borrow_reads,own_shared_then_local_view,job,32,104024,3250.75,640
2,41,localize_read_drop,own_local,group,1000,338601,338.601,23500
2,42,resettable_root_pin_1024_borrow_reads,own_shared_pin_local_view,scope,32,115932,3622.875,770048
2,43,async_queue_job_1024_local_copies,own_local,job,32,1820372,56886.625,770048
2,44,group_setup_then_8_copies,std_shared,group,125,22964,183.712,23500
2,45,owner_retained_borrow_parameter,std_raw_borrow,call,1000,20049,20.049,23500
2,46,create_read_destroy,std_shared,asset,1000,495192,495.192,6504000
2,47,resettable_root_pin_1024_borrow_reads,std_shared_pin_raw_borrow,scope,32,113587,3549.59375,770048
2,48,borrow_read,raw_borrow,read,1000,3265,3.265,23500
2,49,share_read_drop,std_shared,handoff,1000,14441,14.441,23500
2,50,owner_retained_4096_parameter_borrows,std_raw_borrow,frame,4,388956,97239,6881280
2,51,async_queue_job_64_local_copies,std_shared,job,32,284681,8896.28125,48128
2,52,resource_lifecycle_64_assets_4096_objects,own_local,cycle,1,459650,459650,1720320
2,53,owner_retained_borrow_copy_read,std_raw_borrow,read,1000,4287,4.287,23500
2,54,async_queue_job_64_borrow_reads,own_shared_then_local_view,job,32,93458,2920.5625,48128
2,55,frame_4096_draws_64_unique_leases,std_shared,frame,4,165335,41333.75,6881280
