case,implementation,unit,published_primary_median_ns,old_rerun_primary_median_ns,old_rerun_repeat_median_ns,current_control_primary_median_ns,current_control_repeat_median_ns,current_primary_vs_old_primary_percent,current_repeat_vs_old_repeat_percent
copy_read_drop,std_shared,copy,11.89689,12.46524,12.11592,12.26815,11.99115,-1.5811167695126582,-1.0298021116019296
copy_read_drop,own_shared,copy,4.72209,4.79249,4.69995,5.03314,4.67722,5.021398062385107,-0.4836221661932649
copy_read_drop,own_local,copy,1.2199,1.2214,1.22061,1.22511,1.2186,0.3037497953168433,-0.16467176247941806
borrow_read,raw_borrow,read,0.5435,0.5445,0.5441,0.54671,0.5445,0.40587695133149637,0.07351589781290357
localize_read_drop,std_shared,group,12.07275,12.42167,12.14486,12.3726,12.095,-0.39503545014478725,-0.4105440490874246
localize_read_drop,own_local,group,11.11305,11.33897,11.27708,11.84932,11.17354,4.500849724445888,-0.9181454773753539
group_setup_then_1_copies,std_shared,group,19.24817,20.06959,19.35974,20.31545,19.44726,1.2250374820810928,0.45207218691987183
group_setup_then_1_copies,own_local,group,19.2752,20.17725,25.75729,21.06356,19.61092,4.392620401690017,-23.86264238202078
group_setup_then_8_copies,std_shared,group,102.93144,107.42456,105.96312,108.52528,105.21416,1.0246446436457335,-0.7068119549518692
group_setup_then_8_copies,own_local,group,27.8588,28.79144,29.90424,31.48184,27.69536,9.344444043090583,-7.386511076690128
group_setup_then_64_copies,std_shared,group,763.843790013,805.781690141,776.275928297,811.649167734,772.54609475,0.7281721171863875,-0.4804778057697301
group_setup_then_64_copies,own_local,group,110.816901408,107.617797695,111.008962868,123.543533931,106.021126761,14.798422358665242,-4.493183233259279
group_setup_then_1024_copies,std_shared,group,12266.2783505,12743.0824742,12292.4020619,12807.9072165,12371.1958763,0.5087053499908345,0.6409960722340902
group_setup_then_1024_copies,own_local,group,1426.03092784,1423.64948454,1427.57731959,1540.93814433,1424.79381443,8.238591104319282,-0.19498104388483428
share_read_drop,std_shared,handoff,12.09209,12.8451,12.05022,12.28407,12.12755,-4.367657706051342,0.6417310223381767
share_read_drop,own_shared,handoff,4.56065,4.63836,4.63806,5.02783,4.57667,8.39671780543123,-1.3236137523016112
create_read_destroy,std_shared,asset,11.65655,12.02418,11.83841,12.96077,11.82791,7.7892213855747405,-0.08869434324373371
create_read_destroy,own_shared,asset,12.7076,13.5927,12.63919,14.34061,13.11862,5.502291671264725,3.793201937782409
create_read_destroy,own_local,asset,22.21917,23.35345,22.44049,23.96044,22.52984,2.599144880092652,0.39816421120928425
weak_lock_live,std_shared,lock,9.27122,9.77596,9.40671,9.92327,9.54072,1.506859684368611,1.4246213607095326
weak_lock_live,own_shared,lock,4.64256,4.75103,4.70706,5.09744,4.6593,7.291261052866416,-1.0146460848172834
weak_lock_expired,std_shared,lock,1.6263,1.62861,1.62781,1.73898,1.62701,6.776944756571557,-0.04914578482746457
weak_lock_expired,own_shared,lock,1.3561,1.35851,1.35641,1.45395,1.35641,7.025343942996365,0.0
contended_copy_2_workers,std_shared,copy,20.513145,22.470485,23.405465,21.08774,20.12083,-6.15360549627656,-14.033624198451077
contended_copy_2_workers,own_shared,copy,12.18532,11.673215,12.41877,12.517115,12.995185,7.229370828859061,4.64148220798033
scene_4096_attachments,std_shared,attachment,6.75630696615,5.3603108724,5.24253336589,5.5520324707,5.25486246745,3.576688047836285,0.23517449865397833
scene_4096_attachments,own_local,attachment,1.49564615885,1.52864583333,1.53364054362,1.60923258464,1.51693725586,5.2717738506145695,-1.0891266424512769
frame_4096_draws_64_unique_leases,std_shared,frame,3823.16666667,3897.45833333,3879.91666667,3852.75,3840.66666667,-1.1471151069830987,-1.011619665369956
frame_4096_draws_64_unique_leases,own_shared,frame,3941.66666667,4008.41666667,3878.20833333,3998,3901.20833333,-0.2598698572584657,0.5930573611101275
resource_lifecycle_64_assets_4096_objects,std_shared,cycle,35143,37573.5,34895.6,39622.6,36133.4,5.453577654463904,3.547152076479554
resource_lifecycle_64_assets_4096_objects,own_local,cycle,23948.5,25021,24300,27251.3,24934,8.913712481515535,2.609053497942382
async_queue_job_1_local_copies,std_shared,job,550.91,671.09,557.72,635.84,635.94,-5.252648676034511,14.024958760668449
async_queue_job_1_local_copies,own_local,job,560.02,629.33,587.06,669.89,612.41,6.444949390621768,4.318127618982737
async_queue_job_64_local_copies,std_shared,job,2184.13,2286.38,2070.77,2530.54,2280.28,10.678889773353495,10.117492526934434
async_queue_job_64_local_copies,own_local,job,772.74,917.76,856.57,924.37,851.06,0.7202318688981801,-0.6432632476038314
async_queue_job_1024_local_copies,std_shared,job,17342.24,18464.82,17231.09,18648.29,17989.13,0.9936192175174163,4.399257388824518
async_queue_job_1024_local_copies,own_local,job,4135.52,4529.8,4173.37,4586.29,4258.8,1.2470749260452996,2.0470267433752687
