case,implementation,sample,ns
create_read_destroy,own,0,17.9706
create_read_destroy,own,1,18.0612
create_read_destroy,own,2,18.1157
create_read_destroy,own,3,16.841
create_read_destroy,own,4,20.072
create_read_destroy,own,5,17.7623
create_read_destroy,own,6,17.772
create_read_destroy,own,7,17.6911
create_read_destroy,own,8,17.543
create_read_destroy,own,9,17.8429
create_read_destroy,own,10,17.62
create_read_destroy,own,11,19.4026
create_read_destroy,own,12,17.5863
create_read_destroy,own,13,19.2017
create_read_destroy,own,14,17.698
scan_16k_objects,own,0,0.88464
scan_16k_objects,own,1,0.795513
scan_16k_objects,own,2,0.851738
scan_16k_objects,own,3,0.935726
scan_16k_objects,own,4,0.964802
scan_16k_objects,own,5,0.824128
scan_16k_objects,own,6,0.822872
scan_16k_objects,own,7,0.833244
scan_16k_objects,own,8,0.932794
scan_16k_objects,own,9,0.905191
scan_16k_objects,own,10,0.85339
scan_16k_objects,own,11,0.856837
scan_16k_objects,own,12,0.835476
scan_16k_objects,own,13,0.852479
scan_16k_objects,own,14,0.875167
scan_256k_objects,own,0,8.14001
scan_256k_objects,own,1,7.11306
scan_256k_objects,own,2,6.98691
scan_256k_objects,own,3,7.10943
scan_256k_objects,own,4,6.78891
scan_256k_objects,own,5,7.05596
scan_256k_objects,own,6,7.06971
scan_256k_objects,own,7,6.78242
scan_256k_objects,own,8,6.57343
scan_256k_objects,own,9,6.95044
scan_256k_objects,own,10,6.918
scan_256k_objects,own,11,6.08892
scan_256k_objects,own,12,5.93666
scan_256k_objects,own,13,6.68553
scan_256k_objects,own,14,6.27881
reader_with_copiers,own,0,6.31033
reader_with_copiers,own,1,3.84323
reader_with_copiers,own,2,12.1708
reader_with_copiers,own,3,6.00199
reader_with_copiers,own,4,5.43706
reader_with_copiers,own,5,5.50886
reader_with_copiers,own,6,5.1749
reader_with_copiers,own,7,5.75125
reader_with_copiers,own,8,4.56321
reader_with_copiers,own,9,4.39126
reader_with_copiers,own,10,3.87491
reader_with_copiers,own,11,3.42557
reader_with_copiers,own,12,3.393
reader_with_copiers,own,13,4.19848
reader_with_copiers,own,14,3.94022
create_read_destroy,own_a64,0,20.1305
create_read_destroy,own_a64,1,21.6519
create_read_destroy,own_a64,2,20.1424
create_read_destroy,own_a64,3,19.1282
create_read_destroy,own_a64,4,20.1918
create_read_destroy,own_a64,5,22.3407
create_read_destroy,own_a64,6,20.0927
create_read_destroy,own_a64,7,20.0864
create_read_destroy,own_a64,8,19.4323
create_read_destroy,own_a64,9,20.3539
create_read_destroy,own_a64,10,20.183
create_read_destroy,own_a64,11,20.5972
create_read_destroy,own_a64,12,20.0944
create_read_destroy,own_a64,13,21.5933
create_read_destroy,own_a64,14,20.7934
scan_16k_objects,own_a64,0,4.99758
scan_16k_objects,own_a64,1,1.23233
scan_16k_objects,own_a64,2,1.33469
scan_16k_objects,own_a64,3,1.63595
scan_16k_objects,own_a64,4,1.27224
scan_16k_objects,own_a64,5,1.58492
scan_16k_objects,own_a64,6,1.32523
scan_16k_objects,own_a64,7,1.19573
scan_16k_objects,own_a64,8,1.32542
scan_16k_objects,own_a64,9,1.27151
scan_16k_objects,own_a64,10,1.22362
scan_16k_objects,own_a64,11,1.39443
scan_16k_objects,own_a64,12,1.26356
scan_16k_objects,own_a64,13,1.11234
scan_16k_objects,own_a64,14,1.19015
scan_256k_objects,own_a64,0,9.61607
scan_256k_objects,own_a64,1,10.6288
scan_256k_objects,own_a64,2,10.3497
scan_256k_objects,own_a64,3,10.6989
scan_256k_objects,own_a64,4,9.50317
scan_256k_objects,own_a64,5,10.2542
scan_256k_objects,own_a64,6,10.2547
scan_256k_objects,own_a64,7,10.5811
scan_256k_objects,own_a64,8,10.8743
scan_256k_objects,own_a64,9,10.5779
scan_256k_objects,own_a64,10,14.9118
scan_256k_objects,own_a64,11,9.835
scan_256k_objects,own_a64,12,10.664
scan_256k_objects,own_a64,13,9.92493
scan_256k_objects,own_a64,14,10.3619
reader_with_copiers,own_a64,0,0.293646
reader_with_copiers,own_a64,1,0.264301
reader_with_copiers,own_a64,2,0.260253
reader_with_copiers,own_a64,3,0.262541
reader_with_copiers,own_a64,4,0.255746
reader_with_copiers,own_a64,5,0.259372
reader_with_copiers,own_a64,6,0.262928
reader_with_copiers,own_a64,7,0.254938
reader_with_copiers,own_a64,8,0.269545
reader_with_copiers,own_a64,9,0.260336
reader_with_copiers,own_a64,10,0.263257
reader_with_copiers,own_a64,11,0.263969
reader_with_copiers,own_a64,12,0.261324
reader_with_copiers,own_a64,13,0.258681
reader_with_copiers,own_a64,14,0.265051
create_read_destroy,std_a,0,13.2715
create_read_destroy,std_a,1,10.6112
create_read_destroy,std_a,2,13.0485
create_read_destroy,std_a,3,11.0618
create_read_destroy,std_a,4,11.4572
create_read_destroy,std_a,5,12.1974
create_read_destroy,std_a,6,11.1196
create_read_destroy,std_a,7,11.5652
create_read_destroy,std_a,8,11.4078
create_read_destroy,std_a,9,11.3763
create_read_destroy,std_a,10,12.4607
create_read_destroy,std_a,11,11.2185
create_read_destroy,std_a,12,11.3379
create_read_destroy,std_a,13,11.5656
create_read_destroy,std_a,14,11.8345
scan_16k_objects,std_a,0,0.953474
scan_16k_objects,std_a,1,0.81356
scan_16k_objects,std_a,2,0.861602
scan_16k_objects,std_a,3,0.830232
scan_16k_objects,std_a,4,0.850935
scan_16k_objects,std_a,5,0.918867
scan_16k_objects,std_a,6,0.951981
scan_16k_objects,std_a,7,0.863939
scan_16k_objects,std_a,8,0.83781
scan_16k_objects,std_a,9,0.950678
scan_16k_objects,std_a,10,0.833722
scan_16k_objects,std_a,11,0.846647
scan_16k_objects,std_a,12,0.94779
scan_16k_objects,std_a,13,0.832762
scan_16k_objects,std_a,14,0.871041
scan_256k_objects,std_a,0,6.77434
scan_256k_objects,std_a,1,6.86388
scan_256k_objects,std_a,2,7.37064
scan_256k_objects,std_a,3,6.97122
scan_256k_objects,std_a,4,6.64072
scan_256k_objects,std_a,5,6.40267
scan_256k_objects,std_a,6,6.52821
scan_256k_objects,std_a,7,6.53296
scan_256k_objects,std_a,8,6.55012
scan_256k_objects,std_a,9,5.73633
scan_256k_objects,std_a,10,6.7799
scan_256k_objects,std_a,11,6.31848
scan_256k_objects,std_a,12,6.19301
scan_256k_objects,std_a,13,6.2786
scan_256k_objects,std_a,14,6.88794
reader_with_copiers,std_a,0,2.51428
reader_with_copiers,std_a,1,2.08509
reader_with_copiers,std_a,2,2.38397
reader_with_copiers,std_a,3,2.56956
reader_with_copiers,std_a,4,2.19304
reader_with_copiers,std_a,5,2.26651
reader_with_copiers,std_a,6,2.8935
reader_with_copiers,std_a,7,2.46866
reader_with_copiers,std_a,8,2.385
reader_with_copiers,std_a,9,2.08599
reader_with_copiers,std_a,10,1.86602
reader_with_copiers,std_a,11,2.10525
reader_with_copiers,std_a,12,2.46006
reader_with_copiers,std_a,13,1.60093
reader_with_copiers,std_a,14,1.7839
create_read_destroy,std_b,0,11.4926
create_read_destroy,std_b,1,13.2139
create_read_destroy,std_b,2,12.2452
create_read_destroy,std_b,3,11.0561
create_read_destroy,std_b,4,11.2314
create_read_destroy,std_b,5,11.3913
create_read_destroy,std_b,6,11.5218
create_read_destroy,std_b,7,11.4829
create_read_destroy,std_b,8,11.2894
create_read_destroy,std_b,9,11.4528
create_read_destroy,std_b,10,11.2749
create_read_destroy,std_b,11,12.7625
create_read_destroy,std_b,12,11.9293
create_read_destroy,std_b,13,11.5845
create_read_destroy,std_b,14,11.5701
scan_16k_objects,std_b,0,0.918971
scan_16k_objects,std_b,1,0.841522
scan_16k_objects,std_b,2,0.877783
scan_16k_objects,std_b,3,0.843178
scan_16k_objects,std_b,4,0.97681
scan_16k_objects,std_b,5,1.11211
scan_16k_objects,std_b,6,0.948426
scan_16k_objects,std_b,7,0.955253
scan_16k_objects,std_b,8,0.822148
scan_16k_objects,std_b,9,1.22884
scan_16k_objects,std_b,10,0.942328
scan_16k_objects,std_b,11,0.851557
scan_16k_objects,std_b,12,0.93707
scan_16k_objects,std_b,13,0.940901
scan_16k_objects,std_b,14,0.850499
scan_256k_objects,std_b,0,5.69788
scan_256k_objects,std_b,1,6.94804
scan_256k_objects,std_b,2,6.77319
scan_256k_objects,std_b,3,6.57474
scan_256k_objects,std_b,4,6.79862
scan_256k_objects,std_b,5,8.72252
scan_256k_objects,std_b,6,6.52673
scan_256k_objects,std_b,7,6.26944
scan_256k_objects,std_b,8,6.41905
scan_256k_objects,std_b,9,6.68389
scan_256k_objects,std_b,10,6.51762
scan_256k_objects,std_b,11,6.47451
scan_256k_objects,std_b,12,5.98137
scan_256k_objects,std_b,13,6.59581
scan_256k_objects,std_b,14,6.21967
reader_with_copiers,std_b,0,1.91211
reader_with_copiers,std_b,1,2.92312
reader_with_copiers,std_b,2,2.01477
reader_with_copiers,std_b,3,2.72737
reader_with_copiers,std_b,4,2.6979
reader_with_copiers,std_b,5,2.50178
reader_with_copiers,std_b,6,3.01218
reader_with_copiers,std_b,7,1.83761
reader_with_copiers,std_b,8,2.35277
reader_with_copiers,std_b,9,1.77294
reader_with_copiers,std_b,10,1.78986
reader_with_copiers,std_b,11,2.49754
reader_with_copiers,std_b,12,8.23068
reader_with_copiers,std_b,13,1.83226
reader_with_copiers,std_b,14,2.05942
