case,implementation,threads,samples,iterations,median_ns,min_ns,p90_ns,cv
shared_copy_drop,std_shared,1,15,200000,16.5582,16.3587,17.8713,0.0453421
private_copy_drop,std_shared,1,15,200000,16.5622,15.9533,18.226,0.0422051
weak_lock_drop,std_shared,1,15,200000,17.1386,16.3533,18.8934,0.0608831
shared_copy_drop,own_shared,1,15,200000,12.8588,12.4351,13.4218,0.0246712
private_copy_drop,own_shared,1,15,200000,12.897,12.6267,14.1697,0.042467
weak_lock_drop,own_shared,1,15,200000,16.2056,15.3465,17.9247,0.0520843
shared_copy_drop,std_shared,2,15,200000,155.736,127.593,174.055,0.103633
private_copy_drop,std_shared,2,15,200000,17.628,16.0855,19.1951,0.113555
weak_lock_drop,std_shared,2,15,200000,176.372,130.556,231.128,0.199444
shared_copy_drop,own_shared,2,15,200000,96.45,69.2932,116.694,0.202364
private_copy_drop,own_shared,2,15,200000,13.1063,12.8171,14.388,0.0520872
weak_lock_drop,own_shared,2,15,200000,163.667,102.218,183.902,0.184599
shared_copy_drop,std_shared,4,15,200000,373.386,285.032,390.485,0.0750401
private_copy_drop,std_shared,4,15,200000,16.669,16.4443,17.212,0.0839838
weak_lock_drop,std_shared,4,15,200000,408.029,323.395,519.205,0.171515
shared_copy_drop,own_shared,4,15,200000,206.424,188.454,227.373,0.111142
private_copy_drop,own_shared,4,15,200000,12.8147,12.7336,15.9856,0.168592
weak_lock_drop,own_shared,4,15,200000,380.266,293.053,411.389,0.110949
