build,case,implementation,operations,handle_bytes,borrow_bytes,payload_bytes,constructed,destroyed,checksum
frozen_erased,create_read_destroy,std_unique_8,16,8,8,64,16,16,2128
frozen_erased,observable_move_roundtrip,std_unique_8,16,8,8,64,0,0,4104
frozen_erased,borrow_read_loop,std_unique_8,16,8,8,64,0,0,4104
frozen_erased,frame_draw_batch,std_unique_8,2,8,8,64,512,512,27500544
frozen_erased,vector_owner_transfer,std_unique_8,2,8,8,64,0,0,13690880
frozen_erased,synchronized_job_handoff,std_unique_8,32,8,8,64,32,32,60672
frozen_erased,create_read_destroy,std_erased_unique_40,16,40,8,64,16,16,2128
frozen_erased,observable_move_roundtrip,std_erased_unique_40,16,40,8,64,0,0,4104
frozen_erased,borrow_read_loop,std_erased_unique_40,16,40,8,64,0,0,4104
frozen_erased,frame_draw_batch,std_erased_unique_40,2,40,8,64,512,512,27500544
frozen_erased,vector_owner_transfer,std_erased_unique_40,2,40,8,64,0,0,13690880
frozen_erased,synchronized_job_handoff,std_erased_unique_40,32,40,8,64,32,32,60672
frozen_erased,create_read_destroy,own_old_unique_40,16,40,8,64,16,16,2128
frozen_erased,observable_move_roundtrip,own_old_unique_40,16,40,8,64,0,0,4104
frozen_erased,borrow_read_loop,own_old_unique_40,16,40,8,64,0,0,4104
frozen_erased,frame_draw_batch,own_old_unique_40,2,40,8,64,512,512,27500544
frozen_erased,vector_owner_transfer,own_old_unique_40,2,40,8,64,0,0,13690880
frozen_erased,synchronized_job_handoff,own_old_unique_40,32,40,8,64,32,32,60672
lean,create_read_destroy,std_unique_8,16,8,8,64,16,16,2128
lean,observable_move_roundtrip,std_unique_8,16,8,8,64,0,0,4104
lean,borrow_read_loop,std_unique_8,16,8,8,64,0,0,4104
lean,frame_draw_batch,std_unique_8,2,8,8,64,512,512,27500544
lean,vector_owner_transfer,std_unique_8,2,8,8,64,0,0,13690880
lean,synchronized_job_handoff,std_unique_8,32,8,8,64,32,32,60672
lean,create_read_destroy,std_erased_unique_40,16,40,8,64,16,16,2128
lean,observable_move_roundtrip,std_erased_unique_40,16,40,8,64,0,0,4104
lean,borrow_read_loop,std_erased_unique_40,16,40,8,64,0,0,4104
lean,frame_draw_batch,std_erased_unique_40,2,40,8,64,512,512,27500544
lean,vector_owner_transfer,std_erased_unique_40,2,40,8,64,0,0,13690880
lean,synchronized_job_handoff,std_erased_unique_40,32,40,8,64,32,32,60672
lean,create_read_destroy,own_unique_8,16,8,8,64,16,16,2128
lean,observable_move_roundtrip,own_unique_8,16,8,8,64,0,0,4104
lean,borrow_read_loop,own_unique_8,16,8,8,64,0,0,4104
lean,frame_draw_batch,own_unique_8,2,8,8,64,512,512,27500544
lean,vector_owner_transfer,own_unique_8,2,8,8,64,0,0,13690880
lean,synchronized_job_handoff,own_unique_8,32,8,8,64,32,32,60672
lean,create_read_destroy,own_allocated_unique_40,16,40,8,64,16,16,2128
lean,observable_move_roundtrip,own_allocated_unique_40,16,40,8,64,0,0,4104
lean,borrow_read_loop,own_allocated_unique_40,16,40,8,64,0,0,4104
lean,frame_draw_batch,own_allocated_unique_40,2,40,8,64,512,512,27500544
lean,vector_owner_transfer,own_allocated_unique_40,2,40,8,64,0,0,13690880
lean,synchronized_job_handoff,own_allocated_unique_40,32,40,8,64,32,32,60672
