build,run,case,implementation,samples,median_ns_per_operation,p10_ns_per_operation,p90_ns_per_operation,p95_ns_per_operation,p99_ns_per_operation,paired_ratio_vs_std_unique_8,paired_ratio_vs_std_erased_unique_40
frozen_erased,primary,create_read_destroy,std_unique_8,51,8.909780,8.663420,12.546360,14.817120,36.385720,1.000000,0.969645
frozen_erased,primary,create_read_destroy,std_erased_unique_40,51,9.204220,8.934420,11.851120,12.778500,13.520900,1.031305,1.000000
frozen_erased,primary,create_read_destroy,own_old_unique_40,51,10.834240,10.290820,14.361440,15.050860,17.659720,1.208151,1.169736
frozen_erased,primary,observable_move_roundtrip,std_unique_8,51,1.113046,1.082902,1.291632,1.379911,3.040497,1.000000,0.195026
frozen_erased,primary,observable_move_roundtrip,std_erased_unique_40,51,5.782334,5.501278,6.917974,9.701402,20.174694,5.127517,1.000000
frozen_erased,primary,observable_move_roundtrip,own_old_unique_40,51,11.390872,10.749802,14.359100,17.990188,36.056430,10.022473,1.960965
frozen_erased,primary,borrow_read_loop,std_unique_8,51,0.451668,0.436566,0.637744,0.807130,0.913151,1.000000,1.003282
frozen_erased,primary,borrow_read_loop,std_erased_unique_40,51,0.450987,0.436496,0.521110,0.586602,0.756774,0.996729,1.000000
frozen_erased,primary,borrow_read_loop,own_old_unique_40,51,0.449795,0.436366,0.664883,0.685790,0.756099,0.999954,1.000456
frozen_erased,primary,frame_draw_batch,std_unique_8,51,7897.000000,7687.625000,9265.265625,10711.000000,13029.125000,1.000000,0.955144
frozen_erased,primary,frame_draw_batch,std_erased_unique_40,51,8295.234375,8058.171875,12176.921875,13039.531250,52273.578125,1.046963,1.000000
frozen_erased,primary,frame_draw_batch,own_old_unique_40,51,8683.156250,8196.500000,11748.312500,12470.250000,32779.976562,1.089822,1.029697
frozen_erased,primary,vector_owner_transfer,std_unique_8,51,2706.500000,2646.406250,3496.578125,4890.203125,12346.382812,1.000000,0.779824
frozen_erased,primary,vector_owner_transfer,std_erased_unique_40,51,3474.671875,3393.453125,4447.671875,4719.085938,6155.429688,1.282341,1.000000
frozen_erased,primary,vector_owner_transfer,own_old_unique_40,51,5578.406250,5380.781250,6823.375000,7153.000000,12379.562500,2.036918,1.585472
frozen_erased,primary,synchronized_job_handoff,std_unique_8,51,311.422363,268.336426,670.625977,764.238281,6291.668457,1.000000,1.112172
frozen_erased,primary,synchronized_job_handoff,std_erased_unique_40,51,289.637207,222.501953,713.012695,889.849121,3569.098144,0.899142,1.000000
frozen_erased,primary,synchronized_job_handoff,own_old_unique_40,51,323.647461,273.729980,715.893066,783.520264,880.262207,1.020587,1.017805
frozen_erased,repeat,create_read_destroy,std_unique_8,51,8.981880,8.663220,11.156900,12.671150,18.358070,1.000000,0.969558
frozen_erased,repeat,create_read_destroy,std_erased_unique_40,51,9.520900,8.937020,11.033740,13.045100,78.134120,1.031398,1.000000
frozen_erased,repeat,create_read_destroy,own_old_unique_40,51,10.885520,10.206900,15.370740,21.576520,56.216920,1.198741,1.169166
frozen_erased,repeat,observable_move_roundtrip,std_unique_8,51,1.140768,1.083524,1.392640,1.495132,1.797951,1.000000,0.193481
frozen_erased,repeat,observable_move_roundtrip,std_erased_unique_40,51,5.966930,5.581680,7.567638,8.325941,9.527879,5.168457,1.000000
frozen_erased,repeat,observable_move_roundtrip,own_old_unique_40,51,11.771340,10.828662,16.232120,18.239990,25.523467,10.119027,1.935109
frozen_erased,repeat,borrow_read_loop,std_unique_8,51,0.467632,0.436756,0.587420,0.650988,1.124173,1.000000,1.027215
frozen_erased,repeat,borrow_read_loop,std_erased_unique_40,51,0.461974,0.436465,0.661278,0.779854,1.393417,0.973506,1.000000
frozen_erased,repeat,borrow_read_loop,own_old_unique_40,51,0.449535,0.436436,0.558026,0.672079,0.754957,0.961301,0.999174
frozen_erased,repeat,frame_draw_batch,std_unique_8,51,8294.468750,7726.109375,10589.578125,13340.210938,18252.320312,1.000000,0.948618
frozen_erased,repeat,frame_draw_batch,std_erased_unique_40,51,8753.890625,8067.875000,10738.546875,12122.242188,12887.820312,1.054165,1.000000
frozen_erased,repeat,frame_draw_batch,own_old_unique_40,51,8796.453125,8205.890625,11088.281250,13967.304688,19724.500000,1.078331,1.021076
frozen_erased,repeat,vector_owner_transfer,std_unique_8,51,2707.281250,2640.625000,4295.421875,5648.046875,7933.617188,1.000000,0.781687
frozen_erased,repeat,vector_owner_transfer,std_erased_unique_40,51,3446.812500,3389.703125,4761.421875,5858.507812,8455.718750,1.279284,1.000000
frozen_erased,repeat,vector_owner_transfer,own_old_unique_40,51,5905.296875,5472.796875,7990.890625,9103.156250,11067.632812,2.126967,1.679483
frozen_erased,repeat,synchronized_job_handoff,std_unique_8,51,325.941406,270.918457,483.615723,537.117920,7564.681884,1.000000,1.134358
frozen_erased,repeat,synchronized_job_handoff,std_erased_unique_40,51,300.023926,244.908203,371.398926,440.175293,2088.644775,0.881556,1.000000
frozen_erased,repeat,synchronized_job_handoff,own_old_unique_40,51,289.896973,236.482910,426.940430,449.943115,502.797364,0.858364,0.928058
lean,primary,create_read_destroy,std_unique_8,51,9.152340,8.934000,10.187860,11.840910,15.375150,1.000000,0.977427
lean,primary,create_read_destroy,std_erased_unique_40,51,9.197800,8.935020,10.885100,11.325450,82.306150,1.023094,1.000000
lean,primary,create_read_destroy,own_unique_8,51,8.925220,8.663020,10.409200,11.563400,18.310490,0.969621,0.969512
lean,primary,create_read_destroy,own_allocated_unique_40,51,10.517360,10.193880,11.727140,13.286760,34.875900,1.155194,1.140267
lean,primary,observable_move_roundtrip,std_unique_8,51,1.114708,1.083042,1.327524,1.748236,3.755335,1.000000,0.199731
lean,primary,observable_move_roundtrip,std_erased_unique_40,51,5.742494,5.522130,5.989320,8.039609,11.776351,5.006722,1.000000
lean,primary,observable_move_roundtrip,own_unique_8,51,1.132294,1.082882,1.436106,1.609280,1.822936,0.999631,0.198874
lean,primary,observable_move_roundtrip,own_allocated_unique_40,51,11.039410,10.689474,12.311792,13.553919,19.748245,9.795267,1.959628
lean,primary,borrow_read_loop,std_unique_8,51,0.461422,0.436476,0.544174,0.593483,1.244461,1.000000,1.027839
lean,primary,borrow_read_loop,std_erased_unique_40,51,0.451658,0.425039,0.534821,0.560318,0.958543,0.972915,1.000000
lean,primary,borrow_read_loop,own_unique_8,51,0.567460,0.541411,0.631004,0.725778,1.480800,1.240079,1.240813
lean,primary,borrow_read_loop,own_allocated_unique_40,51,0.463756,0.436586,0.642861,0.689495,1.973795,1.006981,1.009113
lean,primary,frame_draw_batch,std_unique_8,51,7930.640625,7696.062500,9189.531250,9707.250000,18052.648438,1.000000,0.939782
lean,primary,frame_draw_batch,std_erased_unique_40,51,8360.953125,8076.484375,9894.000000,12237.796875,14359.359375,1.064076,1.000000
lean,primary,frame_draw_batch,own_unique_8,51,7940.031250,7716.109375,9479.187500,10640.820312,11170.820312,1.000813,0.933785
lean,primary,frame_draw_batch,own_allocated_unique_40,51,8637.156250,8215.281250,10690.968750,11362.906250,12138.968750,1.071048,1.025062
lean,primary,vector_owner_transfer,std_unique_8,51,2667.218750,2629.203125,3363.578125,3688.265625,4064.140625,1.000000,0.804076
lean,primary,vector_owner_transfer,std_erased_unique_40,51,3327.734375,3271.718750,3857.437500,3904.531250,4652.585938,1.243663,1.000000
lean,primary,vector_owner_transfer,own_unique_8,51,2676.625000,2630.140625,3236.343750,3605.570312,5806.796875,1.001127,0.805690
lean,primary,vector_owner_transfer,own_allocated_unique_40,51,5619.406250,5442.890625,6700.703125,8573.460938,13727.843750,2.072934,1.663573
lean,primary,synchronized_job_handoff,std_unique_8,51,288.165527,256.536621,354.328125,373.826904,480.958008,1.000000,0.962920
lean,primary,synchronized_job_handoff,std_erased_unique_40,51,292.987305,265.089844,401.081543,472.182862,800.850342,1.038508,1.000000
lean,primary,synchronized_job_handoff,own_unique_8,51,298.742676,266.116211,366.088379,388.814941,457.906495,1.047751,0.978697
lean,primary,synchronized_job_handoff,own_allocated_unique_40,51,305.016602,267.485840,436.989258,482.625488,839.276367,1.074488,1.014224
lean,repeat,create_read_destroy,std_unique_8,51,9.492860,8.936020,12.668340,15.149020,18.465610,1.000000,0.999955
lean,repeat,create_read_destroy,std_erased_unique_40,51,9.595000,8.937620,13.233780,14.844760,20.150710,1.000045,1.000000
lean,repeat,create_read_destroy,own_unique_8,51,9.247080,8.663220,12.199060,13.375180,18.514990,0.968366,0.947059
lean,repeat,create_read_destroy,own_allocated_unique_40,51,10.445040,9.529100,11.787020,13.208430,20.408200,1.079537,1.060900
lean,repeat,observable_move_roundtrip,std_unique_8,51,1.128590,1.083122,1.279934,1.484306,1.785072,1.000000,0.194360
lean,repeat,observable_move_roundtrip,std_erased_unique_40,51,5.819288,5.519766,6.393198,7.109337,8.281190,5.145086,1.000000
lean,repeat,observable_move_roundtrip,own_unique_8,51,1.134378,1.082862,1.586968,1.698293,3.988140,1.006118,0.197114
lean,repeat,observable_move_roundtrip,own_allocated_unique_40,51,11.271052,10.713730,13.055874,13.400264,16.964695,9.893902,1.948009
lean,repeat,borrow_read_loop,std_unique_8,51,0.450376,0.436586,0.530004,0.600646,0.740676,1.000000,0.993235
lean,repeat,borrow_read_loop,std_erased_unique_40,51,0.460621,0.436355,0.542212,0.625536,0.728838,1.006811,1.000000
lean,repeat,borrow_read_loop,own_unique_8,51,0.558066,0.541411,0.682980,0.715753,0.769028,1.239896,1.227494
lean,repeat,borrow_read_loop,own_allocated_unique_40,51,0.452970,0.436586,0.631074,0.777320,1.535732,1.000275,1.001572
lean,repeat,frame_draw_batch,std_unique_8,51,7913.890625,7664.937500,12320.734375,16976.679688,25076.398438,1.000000,0.955450
lean,repeat,frame_draw_batch,std_erased_unique_40,51,8416.031250,8028.906250,10492.406250,10690.343750,23299.312500,1.046627,1.000000
lean,repeat,frame_draw_batch,own_unique_8,51,7905.453125,7642.250000,9832.515625,10983.515625,20630.679688,1.001242,0.944228
lean,repeat,frame_draw_batch,own_allocated_unique_40,51,8543.265625,8170.359375,10428.562500,11320.500000,12919.968750,1.067417,0.997979
lean,repeat,vector_owner_transfer,std_unique_8,51,2675.671875,2630.765625,3478.437500,3957.187500,4885.820312,1.000000,0.759559
lean,repeat,vector_owner_transfer,std_erased_unique_40,51,3513.328125,3479.515625,4714.937500,5850.148438,6995.500000,1.316553,1.000000
lean,repeat,vector_owner_transfer,own_unique_8,51,2662.062500,2632.031250,3510.968750,3903.968750,5857.882812,0.997123,0.757752
lean,repeat,vector_owner_transfer,own_allocated_unique_40,51,5713.765625,5484.828125,6979.218750,7190.789062,7912.406250,2.084234,1.574045
lean,repeat,synchronized_job_handoff,std_unique_8,51,285.666992,259.353027,387.624023,455.512695,564.286621,1.000000,0.968964
lean,repeat,synchronized_job_handoff,std_erased_unique_40,51,302.195312,255.010742,454.928223,496.278565,736.705079,1.032030,1.000000
lean,repeat,synchronized_job_handoff,own_unique_8,51,286.723145,257.817871,380.195801,432.050538,626.511718,1.037258,0.945786
lean,repeat,synchronized_job_handoff,own_allocated_unique_40,51,298.556641,247.333984,814.383789,870.372070,946.984375,1.074897,1.031029
