case,comparison,processes,blocks,ratio,ci95_low,ci95_high,simultaneous_12_one_sided95_upper,process_ratios,paired_median,paired_p10,paired_p90,cpu_ratio
borrow_read_loop,control8_same_code,4,124,1.0035426901002467,0.9817174541559371,1.025853137876136,1.047693861456941,"[1.022852469042331, 1.0028794622621182, 0.9899204531813306, 0.9988065332874624]",1.0020368754301525,0.9545551714858482,1.0479417910280617,1.0036028125025487
borrow_read_loop,control8_clone,4,124,0.9909881809451851,0.9628518950337924,1.0199466603724974,1.048485191408179,"[0.9936116404519879, 1.0155324693868455, 0.9798270768026286, 0.9754701371891689]",0.9968970510130285,0.9211217894858709,1.0516271800455017,0.9908405601830503
borrow_read_loop,own8,4,124,0.9871128565928352,0.9582051048769776,1.0168927160703949,1.046267142920687,"[1.0045194051934254, 0.9995273179806481, 0.9804677834726018, 0.9644526404083422]",0.998619432838415,0.9400281240050067,1.0396227751273146,0.9871851860132574
borrow_read_loop,control40_same_code,4,124,0.9989740605761335,0.9654705186329475,1.0336402349364422,1.0679817281199235,"[0.9732885428975891, 1.0033626427699627, 0.9948790773483661, 1.0250546257253863]",0.995902696206352,0.9354828552684703,1.07374186168568,0.9990096380888018
borrow_read_loop,control40_clone,4,124,1.0019793076924963,0.9830831808061774,1.0212386425130726,1.0400381374133891,"[0.9851554426077149, 1.0130427448970207, 1.0034679637006503, 1.0064656741872955]",0.9966017976039732,0.9558956033414662,1.0639782586602446,1.001971181691147
borrow_read_loop,own40,4,124,1.2482048309063352,1.226303388410118,1.2704974271642953,1.292229303653163,"[1.2324167492168778, 1.2470311809741756, 1.2472744925899644, 1.2663288192451738]",1.246613157767119,1.1857460302971998,1.3102440886476174,1.2481890565312672
create_read_destroy,control8_same_code,4,124,0.9970022439679241,0.9703520307283894,1.0243843914367095,1.0513243478166743,"[1.0159720529496594, 0.9950779801915042, 0.9752906213102107, 1.002101281658164]",1.0044255822406143,0.9454593871888002,1.0484332487146233,0.9968047983066787
create_read_destroy,control8_clone,4,124,0.9762245904408609,0.9695849438257779,0.9829097048692116,0.9893576412028754,"[0.9802796449295045, 0.9793938783613763, 0.9723063026617895, 0.9729454720887016]",0.9701552930849999,0.9232458708104789,1.0419540593073693,0.9762779198498936
create_read_destroy,own8,4,124,0.9657505705972956,0.941061106203228,0.9910877821440698,1.0159866450726636,"[0.9817935258685129, 0.9643700114951246, 0.9449202153790275, 0.9723013584668914]",0.9684054982950977,0.92253744506681,1.0130945258832398,0.9657882255982856
create_read_destroy,control40_same_code,4,124,0.9934402806589143,0.9589832749983678,1.0291353529990837,1.0645372177264252,"[1.0082973494119438, 0.9845135784943558, 0.9670069785692065, 1.0146753656118594]",0.9930883064393132,0.9256399355717899,1.0645961311542684,0.9935027083518596
create_read_destroy,control40_clone,4,124,1.0595379763328285,1.0368846353180161,1.0826862363016438,1.1053387958271423,"[1.0663238062246319, 1.068287901268038, 1.038235299389994, 1.0655967916824318]",1.0580753073047913,0.9820930786679704,1.1218391383009716,1.0595530836530431
create_read_destroy,own40,4,124,1.1979418193245734,1.178421302824782,1.2177856926437853,1.237106349161772,"[1.203025593141427, 1.2046346098930871, 1.1795679350375856, 1.2047300490666488]",1.2133966022056146,1.1102702624514458,1.2482946940667017,1.1979403470264574
frame_draw_batch,control8_same_code,4,124,0.9903133140779259,0.9701129297823335,1.0109343252027898,1.031093943957178,"[0.9770701600290957, 0.98790390676384, 0.9885435458391024, 1.0079853348876928]",0.9934875615234211,0.9542638798075916,1.048232871730174,0.9900340252818259
frame_draw_batch,control8_clone,4,124,1.0136054197674664,0.9886124595881183,1.0392302231452977,1.0643887654832167,"[1.0203176058845684, 1.0326019317470483, 0.9968427065940695, 1.005033983168277]",1.0060563025952405,0.9511801255883056,1.0675757031213344,1.0134242781934495
frame_draw_batch,own8,4,124,1.0331240784982612,1.0141496439422129,1.0524535190131166,1.0713121747095873,"[1.028790602443239, 1.037322533793117, 1.0474070865096858, 1.0191864135021667]",1.033849116748634,0.9759488269827818,1.1098954115873771,1.0330587520782675
frame_draw_batch,control40_same_code,4,124,0.9970615872835139,0.9845506641859665,1.0097314897027423,1.0220214997093768,"[1.0002385202153246, 0.9864438521636983, 0.9965909292961268, 1.0050671157166466]",1.0031261132846412,0.9450021929644606,1.0474033349258882,0.9974043549189311
frame_draw_batch,control40_clone,4,124,1.0033382847777292,0.9894926199444677,1.0173776877256682,1.0310130575874,"[1.0010314644339777, 1.0159509948892096, 1.0010217156148344, 0.9954639777899194]",1.0040388630835593,0.9462566301302265,1.0767363838913724,1.0037167692822504
frame_draw_batch,own40,4,124,1.015024091264847,0.996439489284034,1.0339553148262974,1.052424410805548,"[1.0292001779663795, 1.019038214745436, 1.010413438993892, 1.0016499267110108]",1.0167161363189543,0.9685052416294284,1.0846800215489327,1.015273853112683
observable_move_roundtrip,control8_same_code,4,124,0.9857386104767711,0.9471799685071994,1.0258669318314344,1.0658452951922617,"[1.0023388430533888, 0.951458519345971, 0.9856009482069343, 1.00448056614243]",0.9957351153591876,0.9354151679242135,1.055062479834752,0.9856568559374307
observable_move_roundtrip,control8_clone,4,124,0.9996159479818663,0.9527324170863828,1.048806596206211,1.0982051749848063,"[1.035139868944797, 0.9636090464098988, 0.9913909222389, 1.0096895529505785]",1.0032791171176827,0.9361174283022204,1.0742057017586688,0.9995189986376899
observable_move_roundtrip,own8,4,124,0.9949966181108306,0.975989675338674,1.0143737122100682,1.033292755266679,"[1.004624620768345, 0.980910248654298, 0.989171580749327, 1.005499128615293]",0.994818006805589,0.925240863359161,1.0747652665245393,0.9947941771841825
observable_move_roundtrip,control40_same_code,4,124,1.0013481302466174,0.9858697589619395,1.0170695153527949,1.032363633070854,"[0.9925020830001963, 1.0140754656626747, 1.004071999967291, 0.9948871146018304]",0.9999292741486993,0.9617745523754166,1.0464077329528538,1.0013118400615113
observable_move_roundtrip,control40_clone,4,124,1.0020062426948426,0.9761036276209526,1.0285962289132302,1.0547336942530525,"[0.9849415134701763, 1.0247421590423784, 0.9998474372866453, 0.9989020969683534]",0.9995450435147575,0.9551854998849801,1.0496362877200998,1.001887810544321
observable_move_roundtrip,own40,4,124,1.944336596315928,1.9249846447673777,1.9638830938468346,1.9827948625353302,"[1.9315286404068395, 1.9581804337808437, 1.9506681647240949, 1.9370844149450805]",1.9473355808795039,1.8654552545858027,2.026216185065599,1.9438899826665244
synchronized_job_handoff,control8_same_code,4,124,0.9881261816060579,0.926600453676289,1.0537371818689767,1.1206817984676194,"[1.018174646988878, 0.9983167177486235, 0.9311534777129322, 1.0072510626833298]",0.9931044729809848,0.7266613055255385,1.2758034466122743,0.970372300488712
synchronized_job_handoff,control8_clone,4,124,0.9748149376776551,0.9130786891569944,1.0407253766888678,1.1080504298126406,"[0.9944065954572929, 1.0053015230336189, 0.9842177137183221, 0.9177770391161802]",0.99087341002256,0.703579824122822,1.2561868417914366,0.9843150852671969
synchronized_job_handoff,own8,4,124,1.0336142542689104,0.9913976718169373,1.0776285409969668,1.1215556307339964,"[1.0243246182912535, 1.0300058196922797, 1.008634847630057, 1.072562730387984]",1.0187495950467396,0.8228928898410668,1.3670548721334503,1.0228356901234044
synchronized_job_handoff,control40_same_code,4,124,1.0036362420892002,0.9714095140624561,1.0369320990304498,1.0698684758623693,"[1.0289010334456352, 0.9919642515376147, 1.0116140050520803, 0.9826998383465284]",0.9968418520936704,0.785079246567417,1.2949645303974562,1.0001372455679303
synchronized_job_handoff,control40_clone,4,124,1.0134100147778113,0.9619040558617283,1.0676739034351188,1.1223875780209718,"[1.0062349132286552, 0.98334575316944, 1.0618167529847709, 1.0038886994353409]",1.000843462770419,0.792459442538978,1.3249164894445353,1.0134843587973452
synchronized_job_handoff,own40,4,124,1.078210703079849,1.0032473399828026,1.158775382604922,1.2416052774838626,"[1.0274812625924756, 1.0929009176868807, 1.1407207388254577, 1.0550681571784641]",1.0696786770190831,0.8490914596080317,1.3126698530483007,1.0432378450682838
vector_owner_transfer,control8_same_code,4,124,0.9988599779412373,0.9951529426161707,1.0025808223104344,1.0061587586932856,"[0.9978244029175612, 0.9978664979478588, 1.0023530242118552, 0.9974041736427154]",1.0013922019802164,0.9243001764768026,1.0687223865569222,0.9988899303510861
vector_owner_transfer,control8_clone,4,124,0.9968397173614367,0.986860151620036,1.0069202008795088,1.0166739047249986,"[0.9923872067202663, 0.9963986224154381, 1.005930519566459, 0.9927024036057563]",0.9958875994027927,0.9336305497721966,1.0619868336972005,0.9965708048740762
vector_owner_transfer,own8,4,124,0.9900441731130288,0.9743475165120054,1.0059937015326539,1.0215158890019822,"[0.9816114265129307, 1.0042323038799155, 0.984939247744543, 0.9895438684524621]",0.9928112054865559,0.9282987450615009,1.0353074952716794,0.98982204946051
vector_owner_transfer,control40_same_code,4,124,1.0045807940856746,0.939394478979731,1.0742905077980338,1.1456124605697346,"[0.9785482572875734, 0.9614719551410574, 1.028586294785879, 1.052397678778357]",1.001286071776307,0.9383294356247392,1.0772663065689856,1.004531540099332
vector_owner_transfer,control40_clone,4,124,0.9930802937738514,0.9484319282276489,1.0398305250276674,1.0866849316224578,"[0.9755441215030488, 0.9640672788503072, 1.0072190814200226, 1.0267370935133613]",0.9863358749835263,0.9295302424722848,1.078833748334295,0.9931025798655234
vector_owner_transfer,own40,4,124,1.5951091813808191,1.504554163202538,1.6911144595217023,1.7885126801863462,"[1.5881831893059148, 1.5168799895876728, 1.63623723389602, 1.6423418933121419]",1.6019151941595662,1.5066996793353926,1.7186269703131571,1.5950793543629362
