case,implementation,operations,handle_bytes,borrow_bytes,payload_bytes,constructed,destroyed,checksum
create_read_destroy,std8a,16,8,8,64,16,16,2128
observable_move_roundtrip,std8a,16,8,8,64,0,0,4104
borrow_read_loop,std8a,16,8,8,64,0,0,4104
frame_draw_batch,std8a,2,8,8,64,512,512,27500544
vector_owner_transfer,std8a,2,8,8,64,0,0,13690880
synchronized_job_handoff,std8a,32,8,8,64,32,32,60672
create_read_destroy,std8b_same_code,16,8,8,64,16,16,2128
observable_move_roundtrip,std8b_same_code,16,8,8,64,0,0,4104
borrow_read_loop,std8b_same_code,16,8,8,64,0,0,4104
frame_draw_batch,std8b_same_code,2,8,8,64,512,512,27500544
vector_owner_transfer,std8b_same_code,2,8,8,64,0,0,13690880
synchronized_job_handoff,std8b_same_code,32,8,8,64,32,32,60672
create_read_destroy,std8clone,16,8,8,64,16,16,2128
observable_move_roundtrip,std8clone,16,8,8,64,0,0,4104
borrow_read_loop,std8clone,16,8,8,64,0,0,4104
frame_draw_batch,std8clone,2,8,8,64,512,512,27500544
vector_owner_transfer,std8clone,2,8,8,64,0,0,13690880
synchronized_job_handoff,std8clone,32,8,8,64,32,32,60672
create_read_destroy,own8,16,8,8,64,16,16,2128
observable_move_roundtrip,own8,16,8,8,64,0,0,4104
borrow_read_loop,own8,16,8,8,64,0,0,4104
frame_draw_batch,own8,2,8,8,64,512,512,27500544
vector_owner_transfer,own8,2,8,8,64,0,0,13690880
synchronized_job_handoff,own8,32,8,8,64,32,32,60672
create_read_destroy,std40a,16,40,8,64,16,16,2128
observable_move_roundtrip,std40a,16,40,8,64,0,0,4104
borrow_read_loop,std40a,16,40,8,64,0,0,4104
frame_draw_batch,std40a,2,40,8,64,512,512,27500544
vector_owner_transfer,std40a,2,40,8,64,0,0,13690880
synchronized_job_handoff,std40a,32,40,8,64,32,32,60672
create_read_destroy,std40b_same_code,16,40,8,64,16,16,2128
observable_move_roundtrip,std40b_same_code,16,40,8,64,0,0,4104
borrow_read_loop,std40b_same_code,16,40,8,64,0,0,4104
frame_draw_batch,std40b_same_code,2,40,8,64,512,512,27500544
vector_owner_transfer,std40b_same_code,2,40,8,64,0,0,13690880
synchronized_job_handoff,std40b_same_code,32,40,8,64,32,32,60672
create_read_destroy,std40clone,16,40,8,64,16,16,2128
observable_move_roundtrip,std40clone,16,40,8,64,0,0,4104
borrow_read_loop,std40clone,16,40,8,64,0,0,4104
frame_draw_batch,std40clone,2,40,8,64,512,512,27500544
vector_owner_transfer,std40clone,2,40,8,64,0,0,13690880
synchronized_job_handoff,std40clone,32,40,8,64,32,32,60672
create_read_destroy,own40,16,40,8,64,16,16,2128
observable_move_roundtrip,own40,16,40,8,64,0,0,4104
borrow_read_loop,own40,16,40,8,64,0,0,4104
frame_draw_batch,own40,2,40,8,64,512,512,27500544
vector_owner_transfer,own40,2,40,8,64,0,0,13690880
synchronized_job_handoff,own40,32,40,8,64,32,32,60672
