case,comparison,ratio,ci95_low,ci95_high,simultaneous_12_one_sided95_upper,processes,blocks
borrow_read_loop,own8,0.9940571562151972,0.9877158744182508,1.0004391499778715,1.006592159509812,4,124
borrow_read_loop,own40,1.2415676681471706,1.2273285886783452,1.2559719449282643,1.269929393309904,4,124
create_read_destroy,own8,0.976835552431936,0.9652207541143147,0.9885901151914054,0.9999848026480426,4,124
create_read_destroy,own40,1.0096254707175139,0.9834680308206777,1.0364786237850014,1.0628762974705945,4,124
frame_draw_batch,own8,1.0017498804836398,0.9761319538959878,1.0280401323240722,1.0538757582274287,4,124
frame_draw_batch,own40,0.9957335174124669,0.9905002980505048,1.000994386018901,1.0060608873742685,4,124
observable_move_roundtrip,own8,1.0085182371461645,0.9927393063170835,1.0245479635834425,1.0401449601956576,4,124
observable_move_roundtrip,own40,1.5480104871954101,1.5168379886492571,1.5798236109585484,1.6109168158403315,4,124
synchronized_job_handoff,own8,0.9635171287171054,0.8791352781500817,1.0559981841301662,1.1529197231968393,4,124
synchronized_job_handoff,own40,1.0555399392582274,1.0285708796226234,1.083216125832809,1.1104130872603624,4,124
vector_owner_transfer,own8,0.9928885244000522,0.9655405079909115,1.0210111473589178,1.048702279119246,4,124
vector_owner_transfer,own40,1.1404149304759745,1.0813793752751089,1.2026734034220468,1.2655089819435408,4,124
