case,implementation,threads,sample,ns_per_pair
shared_copy_drop,std_shared,1,0,16.181
shared_copy_drop,std_shared,1,1,16.4773
shared_copy_drop,std_shared,1,2,17.5578
shared_copy_drop,std_shared,1,3,18.6293
shared_copy_drop,std_shared,1,4,16.5072
shared_copy_drop,std_shared,1,5,16.4285
shared_copy_drop,std_shared,1,6,17.0172
shared_copy_drop,std_shared,1,7,16.1083
shared_copy_drop,std_shared,1,8,18.3985
shared_copy_drop,std_shared,1,9,16.4581
shared_copy_drop,std_shared,1,10,16.6039
shared_copy_drop,std_shared,1,11,16.5472
shared_copy_drop,std_shared,1,12,18.3182
shared_copy_drop,std_shared,1,13,16.5457
shared_copy_drop,std_shared,1,14,18.4177
private_copy_drop,std_shared,1,0,18.518
private_copy_drop,std_shared,1,1,18.9629
private_copy_drop,std_shared,1,2,16.3273
private_copy_drop,std_shared,1,3,18.9967
private_copy_drop,std_shared,1,4,17.6488
private_copy_drop,std_shared,1,5,16.3122
private_copy_drop,std_shared,1,6,16.4009
private_copy_drop,std_shared,1,7,16.3016
private_copy_drop,std_shared,1,8,17.1233
private_copy_drop,std_shared,1,9,16.4979
private_copy_drop,std_shared,1,10,16.5542
private_copy_drop,std_shared,1,11,18.6377
private_copy_drop,std_shared,1,12,16.254
private_copy_drop,std_shared,1,13,16.7489
private_copy_drop,std_shared,1,14,18.516
weak_lock_drop,std_shared,1,0,20.4906
weak_lock_drop,std_shared,1,1,21.1385
weak_lock_drop,std_shared,1,2,16.9806
weak_lock_drop,std_shared,1,3,17.0618
weak_lock_drop,std_shared,1,4,18.713
weak_lock_drop,std_shared,1,5,16.9432
weak_lock_drop,std_shared,1,6,17.0265
weak_lock_drop,std_shared,1,7,16.9525
weak_lock_drop,std_shared,1,8,16.8776
weak_lock_drop,std_shared,1,9,16.9114
weak_lock_drop,std_shared,1,10,18.9567
weak_lock_drop,std_shared,1,11,16.4063
weak_lock_drop,std_shared,1,12,16.3268
weak_lock_drop,std_shared,1,13,16.8748
weak_lock_drop,std_shared,1,14,18.9176
shared_copy_drop,std_shared_b,1,0,15.7251
shared_copy_drop,std_shared_b,1,1,15.6007
shared_copy_drop,std_shared_b,1,2,16.4058
shared_copy_drop,std_shared_b,1,3,16.6704
shared_copy_drop,std_shared_b,1,4,18.0194
shared_copy_drop,std_shared_b,1,5,18.3495
shared_copy_drop,std_shared_b,1,6,16.4209
shared_copy_drop,std_shared_b,1,7,16.4706
shared_copy_drop,std_shared_b,1,8,20.8952
shared_copy_drop,std_shared_b,1,9,17.8223
shared_copy_drop,std_shared_b,1,10,18.3891
shared_copy_drop,std_shared_b,1,11,18.4665
shared_copy_drop,std_shared_b,1,12,16.4399
shared_copy_drop,std_shared_b,1,13,17.8707
shared_copy_drop,std_shared_b,1,14,16.4595
private_copy_drop,std_shared_b,1,0,15.9195
private_copy_drop,std_shared_b,1,1,16.5882
private_copy_drop,std_shared_b,1,2,18.4095
private_copy_drop,std_shared_b,1,3,16.404
private_copy_drop,std_shared_b,1,4,16.4982
private_copy_drop,std_shared_b,1,5,18.0489
private_copy_drop,std_shared_b,1,6,17.5558
private_copy_drop,std_shared_b,1,7,16.4038
private_copy_drop,std_shared_b,1,8,18.0058
private_copy_drop,std_shared_b,1,9,17.7605
private_copy_drop,std_shared_b,1,10,16.5417
private_copy_drop,std_shared_b,1,11,16.7134
private_copy_drop,std_shared_b,1,12,15.6521
private_copy_drop,std_shared_b,1,13,18.4618
private_copy_drop,std_shared_b,1,14,16.415
weak_lock_drop,std_shared_b,1,0,20.0262
weak_lock_drop,std_shared_b,1,1,21.0432
weak_lock_drop,std_shared_b,1,2,16.8083
weak_lock_drop,std_shared_b,1,3,17.1054
weak_lock_drop,std_shared_b,1,4,20.3729
weak_lock_drop,std_shared_b,1,5,18.7634
weak_lock_drop,std_shared_b,1,6,16.7683
weak_lock_drop,std_shared_b,1,7,17.8009
weak_lock_drop,std_shared_b,1,8,18.948
weak_lock_drop,std_shared_b,1,9,18.871
weak_lock_drop,std_shared_b,1,10,16.7459
weak_lock_drop,std_shared_b,1,11,18.2555
weak_lock_drop,std_shared_b,1,12,17.5688
weak_lock_drop,std_shared_b,1,13,18.6982
weak_lock_drop,std_shared_b,1,14,18.7144
shared_copy_drop,own_shared,1,0,15.5997
shared_copy_drop,own_shared,1,1,14.9203
shared_copy_drop,own_shared,1,2,14.6385
shared_copy_drop,own_shared,1,3,14.5868
shared_copy_drop,own_shared,1,4,13.6913
shared_copy_drop,own_shared,1,5,12.8651
shared_copy_drop,own_shared,1,6,13.0651
shared_copy_drop,own_shared,1,7,13.1973
shared_copy_drop,own_shared,1,8,13.158
shared_copy_drop,own_shared,1,9,13.108
shared_copy_drop,own_shared,1,10,17.7573
shared_copy_drop,own_shared,1,11,12.9528
shared_copy_drop,own_shared,1,12,13.1219
shared_copy_drop,own_shared,1,13,13.8402
shared_copy_drop,own_shared,1,14,13.0387
private_copy_drop,own_shared,1,0,12.9585
private_copy_drop,own_shared,1,1,13.4853
private_copy_drop,own_shared,1,2,14.069
private_copy_drop,own_shared,1,3,15.6559
private_copy_drop,own_shared,1,4,14.922
private_copy_drop,own_shared,1,5,12.8819
private_copy_drop,own_shared,1,6,13.1241
private_copy_drop,own_shared,1,7,13.3045
private_copy_drop,own_shared,1,8,13.1783
private_copy_drop,own_shared,1,9,13.2555
private_copy_drop,own_shared,1,10,12.6546
private_copy_drop,own_shared,1,11,14.131
private_copy_drop,own_shared,1,12,13.1349
private_copy_drop,own_shared,1,13,16.1907
private_copy_drop,own_shared,1,14,15.157
weak_lock_drop,own_shared,1,0,17.2808
weak_lock_drop,own_shared,1,1,14.9363
weak_lock_drop,own_shared,1,2,16.508
weak_lock_drop,own_shared,1,3,15.0575
weak_lock_drop,own_shared,1,4,16.6029
weak_lock_drop,own_shared,1,5,16.2107
weak_lock_drop,own_shared,1,6,14.8322
weak_lock_drop,own_shared,1,7,15.0538
weak_lock_drop,own_shared,1,8,15.1642
weak_lock_drop,own_shared,1,9,15.0022
weak_lock_drop,own_shared,1,10,14.8279
weak_lock_drop,own_shared,1,11,14.9769
weak_lock_drop,own_shared,1,12,15.0093
weak_lock_drop,own_shared,1,13,14.7716
weak_lock_drop,own_shared,1,14,16.7801
shared_copy_drop,std_shared,2,0,168.227
shared_copy_drop,std_shared,2,1,137.704
shared_copy_drop,std_shared,2,2,152.955
shared_copy_drop,std_shared,2,3,135.007
shared_copy_drop,std_shared,2,4,147.538
shared_copy_drop,std_shared,2,5,145.439
shared_copy_drop,std_shared,2,6,148.758
shared_copy_drop,std_shared,2,7,36.5301
shared_copy_drop,std_shared,2,8,166.64
shared_copy_drop,std_shared,2,9,171.459
shared_copy_drop,std_shared,2,10,136.112
shared_copy_drop,std_shared,2,11,138.675
shared_copy_drop,std_shared,2,12,134.351
shared_copy_drop,std_shared,2,13,149.694
shared_copy_drop,std_shared,2,14,151.386
private_copy_drop,std_shared,2,0,16.6053
private_copy_drop,std_shared,2,1,17.9955
private_copy_drop,std_shared,2,2,16.3802
private_copy_drop,std_shared,2,3,17.5851
private_copy_drop,std_shared,2,4,17.0344
private_copy_drop,std_shared,2,5,17.5238
private_copy_drop,std_shared,2,6,16.6046
private_copy_drop,std_shared,2,7,18.4982
private_copy_drop,std_shared,2,8,18.4877
private_copy_drop,std_shared,2,9,17.5809
private_copy_drop,std_shared,2,10,17.9675
private_copy_drop,std_shared,2,11,16.2728
private_copy_drop,std_shared,2,12,15.6249
private_copy_drop,std_shared,2,13,18.3722
private_copy_drop,std_shared,2,14,26.7363
weak_lock_drop,std_shared,2,0,169.646
weak_lock_drop,std_shared,2,1,181.739
weak_lock_drop,std_shared,2,2,153.05
weak_lock_drop,std_shared,2,3,146.438
weak_lock_drop,std_shared,2,4,95.6462
weak_lock_drop,std_shared,2,5,165.856
weak_lock_drop,std_shared,2,6,180.883
weak_lock_drop,std_shared,2,7,198.233
weak_lock_drop,std_shared,2,8,184.173
weak_lock_drop,std_shared,2,9,177.719
weak_lock_drop,std_shared,2,10,139.41
weak_lock_drop,std_shared,2,11,155.519
weak_lock_drop,std_shared,2,12,198.623
weak_lock_drop,std_shared,2,13,185.718
weak_lock_drop,std_shared,2,14,69.4504
shared_copy_drop,std_shared_b,2,0,154.767
shared_copy_drop,std_shared_b,2,1,153.9
shared_copy_drop,std_shared_b,2,2,189.53
shared_copy_drop,std_shared_b,2,3,153.943
shared_copy_drop,std_shared_b,2,4,103.363
shared_copy_drop,std_shared_b,2,5,160.942
shared_copy_drop,std_shared_b,2,6,127.923
shared_copy_drop,std_shared_b,2,7,36.759
shared_copy_drop,std_shared_b,2,8,153.801
shared_copy_drop,std_shared_b,2,9,154.987
shared_copy_drop,std_shared_b,2,10,175.253
shared_copy_drop,std_shared_b,2,11,80.1914
shared_copy_drop,std_shared_b,2,12,167.977
shared_copy_drop,std_shared_b,2,13,148.749
shared_copy_drop,std_shared_b,2,14,189.909
private_copy_drop,std_shared_b,2,0,18.2592
private_copy_drop,std_shared_b,2,1,17.1252
private_copy_drop,std_shared_b,2,2,16.6357
private_copy_drop,std_shared_b,2,3,16.4727
private_copy_drop,std_shared_b,2,4,16.5102
private_copy_drop,std_shared_b,2,5,16.6025
private_copy_drop,std_shared_b,2,6,20.6064
private_copy_drop,std_shared_b,2,7,18.3179
private_copy_drop,std_shared_b,2,8,18.0836
private_copy_drop,std_shared_b,2,9,16.6202
private_copy_drop,std_shared_b,2,10,16.525
private_copy_drop,std_shared_b,2,11,16.7382
private_copy_drop,std_shared_b,2,12,16.4522
private_copy_drop,std_shared_b,2,13,16.5216
private_copy_drop,std_shared_b,2,14,18.4386
weak_lock_drop,std_shared_b,2,0,175.889
weak_lock_drop,std_shared_b,2,1,224.18
weak_lock_drop,std_shared_b,2,2,211.624
weak_lock_drop,std_shared_b,2,3,151.309
weak_lock_drop,std_shared_b,2,4,224.378
weak_lock_drop,std_shared_b,2,5,183.334
weak_lock_drop,std_shared_b,2,6,165.195
weak_lock_drop,std_shared_b,2,7,50.6814
weak_lock_drop,std_shared_b,2,8,243.601
weak_lock_drop,std_shared_b,2,9,158.301
weak_lock_drop,std_shared_b,2,10,124.264
weak_lock_drop,std_shared_b,2,11,67.7239
weak_lock_drop,std_shared_b,2,12,147.46
weak_lock_drop,std_shared_b,2,13,149.206
weak_lock_drop,std_shared_b,2,14,173.975
shared_copy_drop,own_shared,2,0,104.223
shared_copy_drop,own_shared,2,1,115.318
shared_copy_drop,own_shared,2,2,146.8
shared_copy_drop,own_shared,2,3,132.767
shared_copy_drop,own_shared,2,4,72.6779
shared_copy_drop,own_shared,2,5,111.577
shared_copy_drop,own_shared,2,6,82.3601
shared_copy_drop,own_shared,2,7,23.1858
shared_copy_drop,own_shared,2,8,114.492
shared_copy_drop,own_shared,2,9,97.0002
shared_copy_drop,own_shared,2,10,96.4472
shared_copy_drop,own_shared,2,11,84.7312
shared_copy_drop,own_shared,2,12,97.3789
shared_copy_drop,own_shared,2,13,104.847
shared_copy_drop,own_shared,2,14,111.507
private_copy_drop,own_shared,2,0,13.8759
private_copy_drop,own_shared,2,1,14.3289
private_copy_drop,own_shared,2,2,14.2376
private_copy_drop,own_shared,2,3,13.5419
private_copy_drop,own_shared,2,4,28.524
private_copy_drop,own_shared,2,5,13.2724
private_copy_drop,own_shared,2,6,13.1019
private_copy_drop,own_shared,2,7,23.2201
private_copy_drop,own_shared,2,8,14.356
private_copy_drop,own_shared,2,9,13.8585
private_copy_drop,own_shared,2,10,15.5872
private_copy_drop,own_shared,2,11,13.6642
private_copy_drop,own_shared,2,12,14.5961
private_copy_drop,own_shared,2,13,14.6112
private_copy_drop,own_shared,2,14,16.2893
weak_lock_drop,own_shared,2,0,55.0137
weak_lock_drop,own_shared,2,1,205.248
weak_lock_drop,own_shared,2,2,199.862
weak_lock_drop,own_shared,2,3,191.46
weak_lock_drop,own_shared,2,4,151.573
weak_lock_drop,own_shared,2,5,142.258
weak_lock_drop,own_shared,2,6,135.999
weak_lock_drop,own_shared,2,7,41.9766
weak_lock_drop,own_shared,2,8,194.673
weak_lock_drop,own_shared,2,9,82.3252
weak_lock_drop,own_shared,2,10,135.523
weak_lock_drop,own_shared,2,11,106.556
weak_lock_drop,own_shared,2,12,190.53
weak_lock_drop,own_shared,2,13,153.359
weak_lock_drop,own_shared,2,14,192.673
shared_copy_drop,std_shared,4,0,377.129
shared_copy_drop,std_shared,4,1,384.099
shared_copy_drop,std_shared,4,2,333.167
shared_copy_drop,std_shared,4,3,424.825
shared_copy_drop,std_shared,4,4,395.986
shared_copy_drop,std_shared,4,5,393.778
shared_copy_drop,std_shared,4,6,291.921
shared_copy_drop,std_shared,4,7,330.38
shared_copy_drop,std_shared,4,8,388.186
shared_copy_drop,std_shared,4,9,388.343
shared_copy_drop,std_shared,4,10,269.547
shared_copy_drop,std_shared,4,11,335.899
shared_copy_drop,std_shared,4,12,366.891
shared_copy_drop,std_shared,4,13,340.246
shared_copy_drop,std_shared,4,14,370.493
private_copy_drop,std_shared,4,0,22.2352
private_copy_drop,std_shared,4,1,16.4898
private_copy_drop,std_shared,4,2,27.868
private_copy_drop,std_shared,4,3,16.469
private_copy_drop,std_shared,4,4,16.4736
private_copy_drop,std_shared,4,5,16.5737
private_copy_drop,std_shared,4,6,17.1958
private_copy_drop,std_shared,4,7,17.3062
private_copy_drop,std_shared,4,8,16.4936
private_copy_drop,std_shared,4,9,20.4558
private_copy_drop,std_shared,4,10,16.6213
private_copy_drop,std_shared,4,11,16.3605
private_copy_drop,std_shared,4,12,16.478
private_copy_drop,std_shared,4,13,16.594
private_copy_drop,std_shared,4,14,16.5099
weak_lock_drop,std_shared,4,0,402.752
weak_lock_drop,std_shared,4,1,445.135
weak_lock_drop,std_shared,4,2,422.23
weak_lock_drop,std_shared,4,3,417.742
weak_lock_drop,std_shared,4,4,546.886
weak_lock_drop,std_shared,4,5,385.421
weak_lock_drop,std_shared,4,6,429.623
weak_lock_drop,std_shared,4,7,451.487
weak_lock_drop,std_shared,4,8,440.925
weak_lock_drop,std_shared,4,9,354.096
weak_lock_drop,std_shared,4,10,430.054
weak_lock_drop,std_shared,4,11,354.454
weak_lock_drop,std_shared,4,12,414.528
weak_lock_drop,std_shared,4,13,331.247
weak_lock_drop,std_shared,4,14,508.463
shared_copy_drop,std_shared_b,4,0,326.304
shared_copy_drop,std_shared_b,4,1,381.573
shared_copy_drop,std_shared_b,4,2,328.959
shared_copy_drop,std_shared_b,4,3,333.183
shared_copy_drop,std_shared_b,4,4,428.574
shared_copy_drop,std_shared_b,4,5,396.638
shared_copy_drop,std_shared_b,4,6,295.419
shared_copy_drop,std_shared_b,4,7,400.978
shared_copy_drop,std_shared_b,4,8,404.596
shared_copy_drop,std_shared_b,4,9,331.304
shared_copy_drop,std_shared_b,4,10,299.376
shared_copy_drop,std_shared_b,4,11,320.131
shared_copy_drop,std_shared_b,4,12,347.951
shared_copy_drop,std_shared_b,4,13,380.98
shared_copy_drop,std_shared_b,4,14,411.12
private_copy_drop,std_shared_b,4,0,16.681
private_copy_drop,std_shared_b,4,1,16.7904
private_copy_drop,std_shared_b,4,2,18.2498
private_copy_drop,std_shared_b,4,3,16.4732
private_copy_drop,std_shared_b,4,4,16.5363
private_copy_drop,std_shared_b,4,5,22.3991
private_copy_drop,std_shared_b,4,6,17.0797
private_copy_drop,std_shared_b,4,7,16.3931
private_copy_drop,std_shared_b,4,8,16.5144
private_copy_drop,std_shared_b,4,9,16.5164
private_copy_drop,std_shared_b,4,10,16.4757
private_copy_drop,std_shared_b,4,11,18.7468
private_copy_drop,std_shared_b,4,12,16.3406
private_copy_drop,std_shared_b,4,13,36.5423
private_copy_drop,std_shared_b,4,14,36.7656
weak_lock_drop,std_shared_b,4,0,445.883
weak_lock_drop,std_shared_b,4,1,450.586
weak_lock_drop,std_shared_b,4,2,449.057
weak_lock_drop,std_shared_b,4,3,324.289
weak_lock_drop,std_shared_b,4,4,364.494
weak_lock_drop,std_shared_b,4,5,380.26
weak_lock_drop,std_shared_b,4,6,326.208
weak_lock_drop,std_shared_b,4,7,437.857
weak_lock_drop,std_shared_b,4,8,439.388
weak_lock_drop,std_shared_b,4,9,521.519
weak_lock_drop,std_shared_b,4,10,282.166
weak_lock_drop,std_shared_b,4,11,348.23
weak_lock_drop,std_shared_b,4,12,375.29
weak_lock_drop,std_shared_b,4,13,469.869
weak_lock_drop,std_shared_b,4,14,468.473
shared_copy_drop,own_shared,4,0,216.134
shared_copy_drop,own_shared,4,1,249.123
shared_copy_drop,own_shared,4,2,263.173
shared_copy_drop,own_shared,4,3,252.508
shared_copy_drop,own_shared,4,4,302.654
shared_copy_drop,own_shared,4,5,220.98
shared_copy_drop,own_shared,4,6,198.905
shared_copy_drop,own_shared,4,7,219.268
shared_copy_drop,own_shared,4,8,267.911
shared_copy_drop,own_shared,4,9,249.848
shared_copy_drop,own_shared,4,10,185.748
shared_copy_drop,own_shared,4,11,249.42
shared_copy_drop,own_shared,4,12,238.724
shared_copy_drop,own_shared,4,13,268.168
shared_copy_drop,own_shared,4,14,230.26
private_copy_drop,own_shared,4,0,15.7035
private_copy_drop,own_shared,4,1,15.8324
private_copy_drop,own_shared,4,2,16.3437
private_copy_drop,own_shared,4,3,13.8538
private_copy_drop,own_shared,4,4,47.6979
private_copy_drop,own_shared,4,5,13.2978
private_copy_drop,own_shared,4,6,13.0681
private_copy_drop,own_shared,4,7,13.2503
private_copy_drop,own_shared,4,8,13.4615
private_copy_drop,own_shared,4,9,17.1623
private_copy_drop,own_shared,4,10,13.0618
private_copy_drop,own_shared,4,11,23.269
private_copy_drop,own_shared,4,12,13.0581
private_copy_drop,own_shared,4,13,34.1975
private_copy_drop,own_shared,4,14,13.347
weak_lock_drop,own_shared,4,0,395.651
weak_lock_drop,own_shared,4,1,409.597
weak_lock_drop,own_shared,4,2,445.53
weak_lock_drop,own_shared,4,3,329.882
weak_lock_drop,own_shared,4,4,475.097
weak_lock_drop,own_shared,4,5,351.542
weak_lock_drop,own_shared,4,6,373.352
weak_lock_drop,own_shared,4,7,396.58
weak_lock_drop,own_shared,4,8,406.77
weak_lock_drop,own_shared,4,9,340.444
weak_lock_drop,own_shared,4,10,342.046
weak_lock_drop,own_shared,4,11,382.781
weak_lock_drop,own_shared,4,12,384.365
weak_lock_drop,own_shared,4,13,424.801
weak_lock_drop,own_shared,4,14,357.098
