case,implementation,unit,samples,operations_per_sample,median_ns,p95_ns,p99_ns,min_ns,max_ns
copy_read_drop,std_shared,copy,101,100000,16.57765,17.90771,20.99254,15.2223,36.79034
copy_read_drop,own_shared,copy,101,100000,13.14406,15.82049,19.83881,12.57717,65.81227
copy_read_drop,own_local,copy,101,100000,1.05792,1.23635,1.71048,0.9691,2.10866
borrow_read,raw_borrow,read,101,100000,0.35235,0.51554,0.6741,0.33413,0.90538
localize_read_drop,std_shared,group,101,100000,14.7839,15.74463,21.41491,14.35984,55.17282
localize_read_drop,own_local,group,101,100000,12.90632,13.98809,17.82305,12.22262,30.92588
group_setup_then_1_copies,std_shared,group,101,100000,33.46443,35.15387,35.66423,30.64202,35.7377
group_setup_then_1_copies,own_local,group,101,100000,13.68785,14.79088,18.71463,12.85597,18.72361
group_setup_then_8_copies,std_shared,group,101,12500,150.67624,164.13096,169.0744,142.66288,190.10224
group_setup_then_8_copies,own_local,group,101,12500,22.16128,24.57504,25.982,18.0084,28.92352
group_setup_then_64_copies,std_shared,group,101,1562,1088.56017926,1194.28809219,1412.55569782,1002.13444302,2105.3162612
group_setup_then_64_copies,own_local,group,101,1562,77.0505761844,106.973751601,168.185019206,69.0614596671,181.629961588
group_setup_then_1024_copies,std_shared,group,101,97,17195.8865979,18589.1030928,22134.7628866,16508.814433,38048.6804124
group_setup_then_1024_copies,own_local,group,101,97,915.237113402,1143.08247423,1325.73195876,888.340206186,1718.86597938
share_read_drop,std_shared,handoff,101,100000,14.79692,16.00008,19.48816,13.88505,21.36701
share_read_drop,own_shared,handoff,101,100000,11.30546,14.95829,16.9516,10.58931,22.78236
create_read_destroy,std_shared,asset,101,100000,12.19159,13.42752,15.45327,11.40763,16.29616
create_read_destroy,own_shared,asset,101,100000,17.83035,19.988,26.33077,16.98791,26.7518
create_read_destroy,own_local,asset,101,100000,19.2064,21.32656,29.06807,18.06694,47.27483
weak_lock_live,std_shared,lock,101,100000,16.87304,18.69622,21.97454,15.97111,22.37443
weak_lock_live,own_shared,lock,101,100000,14.99276,16.25155,19.32197,14.05922,20.70709
weak_lock_expired,std_shared,lock,101,100000,0.77232,0.96548,1.14855,0.73332,1.74884
weak_lock_expired,own_shared,lock,101,100000,0.7071,0.94285,1.28067,0.67265,1.3321
contended_copy_2_workers,std_shared,copy,101,200000,82.197905,94.47646,99.31766,17.64659,103.56019
contended_copy_2_workers,own_shared,copy,101,200000,43.48265,49.753665,58.676705,12.00989,59.7844
scene_4096_attachments,std_shared,attachment,101,98304,9.61286417643,10.5237528483,13.5354512533,9.01561482747,31.6245829264
scene_4096_attachments,own_local,attachment,101,98304,1.47446695964,1.67705281576,2.04637654622,1.3498840332,3.18342081706
frame_4096_draws_64_unique_leases,std_shared,frame,101,24,3589.5,4610.625,5939.79166667,3422.83333333,9644.66666667
frame_4096_draws_64_unique_leases,own_shared,frame,101,24,3770.625,4716.25,10337.2083333,3395.58333333,82184.7083333
resource_lifecycle_64_assets_4096_objects,std_shared,cycle,101,10,51843.6,59072.3,68909,47940.4,85014.4
resource_lifecycle_64_assets_4096_objects,own_local,cycle,101,10,20633.7,24366.9,33502.1,18932.4,57492.7
async_queue_job_1_local_copies,std_shared,job,101,100,684.15,1165.77,2583.31,470.6,6597.53
async_queue_job_1_local_copies,own_local,job,101,100,656.74,959.12,10460.57,387.07,16307.01
async_queue_job_64_local_copies,std_shared,job,101,100,2973.65,3808.57,4318.93,2004.37,4883.66
async_queue_job_64_local_copies,own_local,job,101,100,809.32,1779.45,3416.53,465.11,13883.75
async_queue_job_1024_local_copies,std_shared,job,101,100,24502.55,27643.56,31192.85,23357.34,40390.94
async_queue_job_1024_local_copies,own_local,job,101,100,3472.78,5226.45,11752.24,2294.02,16544.37
owner_retained_borrow_copy_read,std_raw_borrow,read,101,100000,0.3023,0.41766,0.52077,0.28594,0.75467
owner_retained_borrow_copy_read,own_local_view,read,101,100000,0.31623,0.51401,0.64242,0.29337,1.23644
owner_retained_borrow_parameter,std_raw_borrow,call,101,100000,0.64155,0.75085,0.93254,0.57,1.29839
owner_retained_borrow_parameter,own_local_view,call,101,100000,0.62544,0.78436,0.89903,0.56975,1.07537
independent_owner_parameter,std_shared,call,101,100000,16.65571,18.35151,19.77243,15.68353,36.5825
independent_owner_parameter,own_shared,call,101,100000,13.1288,14.88985,17.19463,12.44983,17.84229
independent_owner_parameter,own_local,call,101,100000,1.12404,1.31321,2.2998,1.06996,2.7249
resettable_root_pin_1024_borrow_reads,std_shared_pin_raw_borrow,scope,101,97,328.649484536,517.649484536,545.577319588,317.06185567,554.082474227
resettable_root_pin_1024_borrow_reads,own_shared_pin_local_view,scope,101,97,323.969072165,466.577319588,539.402061856,305.948453608,820.896907216
owner_retained_4096_draw_borrows,std_raw_borrow,frame,101,24,2069.66666667,2979.70833333,4043.95833333,1906.58333333,4357.29166667
owner_retained_4096_draw_borrows,own_local_view,frame,101,24,2010.04166667,2443.70833333,3513.83333333,1872.625,5089.875
owner_retained_4096_parameter_borrows,std_raw_borrow,frame,101,24,3242.29166667,3969.16666667,6393.5,3030.625,6942.29166667
owner_retained_4096_parameter_borrows,own_local_view,frame,101,24,3229.625,3701.70833333,4688.5,3011.75,5212.79166667
async_queue_job_1_borrow_reads,std_shared_then_raw_borrow,job,101,100,594.16,857.73,1475.59,335.59,5172.38
async_queue_job_1_borrow_reads,own_shared_then_local_view,job,101,100,617.54,899,2794.07,366.23,9100.34
async_queue_job_64_borrow_reads,std_shared_then_raw_borrow,job,101,100,680.97,1185.49,2445.86,433.24,5011.14
async_queue_job_64_borrow_reads,own_shared_then_local_view,job,101,100,668.64,1140.63,14099.41,452.73,16654.28
async_queue_job_1024_borrow_reads,std_shared_then_raw_borrow,job,101,100,1304.22,2023.56,2154.24,867.39,4706.8
async_queue_job_1024_borrow_reads,own_shared_then_local_view,job,101,100,1313.63,2126.01,13503.82,823.81,17076.4
